,words
0,thank
1,much
2,chris
3,tell
4,simply
5,election
6,election
7,consequence
8,senate
9,white
10,house
11,phenomenal
12,nominee
13,respect
14,top
15,top
16,academic
17,good
18,every
19,good
20,every
21,fact
22,biggest
23,endorser
24,liberal
25,people
26,notre
27,dame
28,place
29,fantastic
30,plenty
31,time
32,even
33,election
34,lot
35,time
36,election
37,outstanding
38,good
39,anybody
40,serve
41,court
42,really
43,feel
44,professor
45,notre
46,dame
47,highly
48,respect
49,single
50,greatest
51,student
52,ever
53,professor
54,long
55,time
56,great
57,school
58,election
59,therefore
60,right
61,choose
62,people
63,knowingly
64,would
65,otherwise
66,democrat
67,even
68,difference
69,try
70,faster
71,would
72,give
73,merrick
74,garland
75,problem
76,election
77,stop
78,probably
79,would
80,happen
81,reverse
82,also
83,definitely
84,would
85,happen
86,reverse
87,election
88,right
89,chris
90,thank
91,joe
92,hundred
93,million
94,people
95,preexist
96,condition
97,far
98,concern
99,people
100,already
101,okay
102,justice
103,ginsburg
104,powerfully
105,strongly
106,point
107,year
108,ago
109,president
110,senate
111,elect
112,period
113,time
114,president
115,elect
116,four
117,year
118,elect
119,three
120,year
121,elect
122,three
123,year
124,senate
125,president
126,period
127,time
128,period
129,time
130,open
131,elect
132,three
133,year
134,elect
135,four
136,year
137,joe
138,hundred
139,million
140,people
141,totally
142,wrong
143,get
144,number
145,bigger
146,problem
147,extinguish
148,million
149,people
150,private
151,health
152,care
153,happy
154,well
155,certainly
156,socialist
157,socialist
158,party
159,party
160,party
161,socialist
162,medicine
163,socialist
164,healthcare
165,dominate
166,joe
167,accord
168,harris
169,joe
170,military
171,people
172,die
173,provide
174,proper
175,healthcare
176,military
177,tell
178,would
179,two
180,million
181,people
182,late
183,draw
184,ban
185,china
186,heavily
187,infect
188,ban
189,europe
190,would
191,much
192,later
193,joe
194,much
195,later
196,talk
197,two
198,million
199,people
200,ballot
201,ballot
202,ballot
203,ballot
204,nothing
205,happen
206,view
207,roe
208,v
209,wade
210,view
211,right
212,give
213,good
214,healthcare
215,yes
216,course
217,individual
218,mandate
219,excuse
220,get
221,rid
222,individual
223,mandate
224,big
225,chunk
226,obamacare
227,absolutely
228,big
229,worst
230,part
231,obamacare
232,chris
233,worst
234,part
235,obamacare
236,well
237,ask
238,joe
239,individual
240,mandate
241,unpopular
242,aspect
243,obamacare
244,get
245,rid
246,protect
247,people
248,ahead
249,well
250,first
251,guess
252,debate
253,okay
254,surprise
255,tell
256,something
257,nothing
258,symbolic
259,cut
260,drug
261,price
262,favor
263,nation
264,president
265,courage
266,big
267,pharma
268,drug
269,price
270,come
271,could
272,do
273,year
274,period
275,government
276,nobody
277,do
278,cut
279,healthcare
280,do
281,give
282,example
283,insulin
284,destroy
285,family
286,destroy
287,people
288,cost
289,get
290,cheap
291,like
292,water
293,truth
294,cheap
295,look
296,drug
297,prescription
298,drug
299,price
300,allow
301,governor
302,country
303,buy
304,drug
305,pay
306,tiny
307,fraction
308,big
309,stuff
310,party
311,joe
312,agree
313,bernie
314,sander
315,far
316,leave
317,manifesto
318,call
319,give
320,socialize
321,medicine
322,agree
323,much
324,much
325,pocahontas
326,would
327,leave
328,two
329,day
330,early
331,would
332,lose
333,every
334,primary
335,super
336,tuesday
337,get
338,lucky
339,agree
340,joe
341,liar
342,graduate
343,last
344,class
345,first
346,class
347,surprise
348,surprise
349,ahead
350,joe
351,listen
352,agree
353,bernie
354,sander
355,manifesto
356,lose
357,leave
358,lose
359,leave
360,agree
361,bernie
362,sander
363,plan
364,absolutely
365,agree
366,plan
367,crosstalk
368,call
369,socialize
370,medicine
371,bernie
372,give
373,better
374,healthcare
375,much
376,lower
377,price
378,obamacare
379,good
380,already
381,fix
382,already
383,fix
384,extent
385,obamacare
386,might
387,probably
388,obamacare
389,good
390,obamacare
391,good
392,better
393,choice
394,early
395,away
396,individual
397,mandate
398,guarantee
399,preexist
400,condition
401,away
402,individual
403,mandate
404,listen
405,destroy
406,even
407,call
408,obamacare
409,choice
410,people
411,run
412,really
413,well
414,badly
415,run
416,badly
417,probably
418,blame
419,blame
420,importantly
421,help
422,people
423,okay
424,get
425,run
426,well
427,meet
428,problem
429,matter
430,well
431,run
432,obamacare
433,disaster
434,expensive
435,premium
436,high
437,work
438,get
439,rid
440,chris
441,get
442,rid
443,give
444,something
445,cheaper
446,better
447,ahead
448,good
449,course
450,pack
451,court
452,pack
453,court
454,answer
455,question
456,answer
457,question
458,put
459,lot
460,new
461,supreme
462,court
463,justice
464,radical
465,leave
466,listen
467,list
468,joe
469,list
470,pack
471,court
472,give
473,list
474,people
475,understand
476,joe
477,year
478,do
479,nothing
480,understand
481,wrong
482,wrong
483,wrong
484,would
485,listen
486,would
487,listen
488,country
489,would
490,leave
491,wide
492,open
493,million
494,people
495,would
496,die
497,one
498,person
499,much
500,china
501,fault
502,never
503,happen
504,stop
505,china
506,fault
507,talk
508,number
509,many
510,people
511,die
512,china
513,many
514,people
515,die
516,russia
517,many
518,people
519,die
520,india
521,exactly
522,give
523,straight
524,count
525,understand
526,look
527,do
528,close
529,xenophobic
530,racist
531,xenophobic
532,close
533,country
534,wait
535,minute
536,close
537,country
538,terrible
539,close
540,another
541,two
542,month
543,early
544,fact
545,dr
546,fauci
547,president
548,trump
549,save
550,thousand
551,live
552,many
553,democrat
554,governor
555,president
556,trump
557,phenomenal
558,job
559,work
560,governor
561,oh
562,really
563,look
564,governor
565,phenomenal
566,job
567,fact
568,people
569,would
570,necessarily
571,side
572,president
573,trump
574,phenomenal
575,job
576,get
577,gown
578,get
579,mask
580,ventilator
581,ventilator
582,week
583,away
584,vaccine
585,therapeutic
586,already
587,fewer
588,people
589,die
590,get
591,sick
592,far
593,fewer
594,people
595,die
596,do
597,great
598,job
599,do
600,good
601,job
602,fake
603,news
604,matter
605,give
606,bad
607,press
608,fake
609,news
610,give
611,good
612,press
613,give
614,bad
615,press
616,unfortunately
617,something
618,care
619,get
620,use
621,tell
622,joe
623,could
624,never
625,do
626,job
627,blood
628,could
629,never
630,do
631,joe
632,well
633,well
634,swine
635,flu
636,disaster
637,chief
638,staff
639,disaster
640,far
641,le
642,lethal
643,disease
644,would
645,lose
646,far
647,people
648,far
649,people
650,would
651,month
652,late
653,month
654,behind
655,joe
656,trust
657,johnson
658,johnson
659,pfizer
660,well
661,speak
662,company
663,lot
664,sooner
665,political
666,people
667,like
668,would
669,rather
670,political
671,save
672,live
673,political
674,speak
675,pfizer
676,speak
677,people
678,speak
679,moderna
680,johnson
681,johnson
682,others
683,faster
684,lot
685,become
686,political
687,call
688,leave
689,call
690,disagree
691,disagree
692,could
693,could
694,also
695,much
696,sooner
697,office
698,two
699,day
700,ago
701,possibility
702,answer
703,november
704,could
705,also
706,well
707,deliver
708,right
709,away
710,military
711,set
712,logistically
713,set
714,military
715,deliver
716,soldier
717,day
718,deliver
719,set
720,sarcastically
721,sarcastically
722,vaccine
723,sooner
724,speak
725,scientist
726,charge
727,vaccine
728,soon
729,use
730,word
731,smart
732,delaware
733,state
734,forget
735,name
736,college
737,delaware
738,state
739,graduate
740,either
741,lowest
742,almost
743,lowest
744,class
745,ever
746,use
747,word
748,smart
749,ever
750,use
751,word
752,nothing
753,smart
754,joe
755,year
756,do
757,nothing
758,tell
759,something
760,joe
761,would
762,charge
763,put
764,close
765,greatest
766,economy
767,history
768,country
769,build
770,fast
771,okay
772,fast
773,look
774,forward
775,talk
776,tell
777,nancy
778,pelosi
779,tell
780,nancy
781,pelosi
782,schumer
783,crosstalk
784,chuck
785,probably
786,play
787,joe
788,well
789,shut
790,country
791,keep
792,open
793,great
794,shut
795,wait
796,minute
797,joe
798,shut
799,second
800,joe
801,one
802,second
803,shut
804,country
805,anything
806,disease
807,find
808,elderly
809,people
810,heart
811,problem
812,diabetes
813,different
814,problem
815,vulnerable
816,learn
817,lot
818,young
819,child
820,even
821,younger
822,people
823,learn
824,lot
825,shut
826,people
827,hurt
828,continue
829,look
830,pennsylvania
831,look
832,certain
833,state
834,shut
835,democrat
836,governor
837,one
838,reason
839,shut
840,keep
841,shut
842,election
843,november
844,political
845,state
846,state
847,well
848,shut
849,right
850,shut
851,whole
852,country
853,mask
854,okay
855,understand
856,mean
857,mask
858,right
859,put
860,mask
861,need
862,tonight
863,example
864,everybody
865,test
866,social
867,distance
868,wear
869,mask
870,need
871,need
872,wear
873,mask
874,wear
875,mask
876,like
877,every
878,time
879,get
880,mask
881,could
882,speak
883,foot
884,away
885,show
886,biggest
887,mask
888,ever
889,also
890,opposite
891,also
892,dr
893,fauci
894,dr
895,fauci
896,opposite
897,strongly
898,mask
899,good
900,change
901,mind
902,mask
903,good
904,okay
905,mask
906,fight
907,mask
908,outside
909,nobody
910,show
911,well
912,true
913,nobody
914,show
915,rally
916,people
917,hear
918,mean
919,job
920,president
921,people
922,show
923,airport
924,use
925,airport
926,hanger
927,lot
928,people
929,well
930,far
931,problem
932,whatsoever
933,outside
934,big
935,difference
936,accord
937,expert
938,outside
939,tremendous
940,crowd
941,literally
942,hour
943,notice
944,joe
945,circle
946,three
947,people
948,someplace
949,negative
950,effect
951,negative
952,effect
953,people
954,rally
955,could
956,get
957,crowd
958,would
959,do
960,nobody
961,care
962,care
963,yes
964,much
965,faster
966,build
967,greatest
968,economy
969,history
970,close
971,china
972,plague
973,plague
974,come
975,close
976,hard
977,psychologically
978,close
979,wrong
980,two
981,million
982,people
983,would
984,dead
985,instead
986,still
987,people
988,much
989,one
990,person
991,much
992,never
993,happen
994,china
995,happen
996,close
997,reopen
998,record
999,business
1000,million
1001,people
1002,four
1003,month
1004,period
1005,put
1006,back
1007,workforce
1008,record
1009,like
1010,nobody
1011,ever
1012,close
1013,shut
1014,destroy
1015,country
1016,lot
1017,people
1018,drug
1019,alcohol
1020,depression
1021,start
1022,shut
1023,look
1024,happen
1025,democratrun
1026,state
1027,tough
1028,shutdown
1029,tell
1030,open
1031,one
1032,come
1033,last
1034,week
1035,saw
1036,oh
1037,open
1038,november
1039,november
1040,election
1041,hurt
1042,u
1043,keep
1044,close
1045,hurt
1046,people
1047,people
1048,social
1049,distance
1050,wash
1051,hand
1052,wear
1053,mask
1054,whatever
1055,get
1056,open
1057,state
1058,look
1059,north
1060,carolina
1061,look
1062,governor
1063,siege
1064,pennsylvania
1065,michigan
1066,couple
1067,others
1068,get
1069,open
1070,state
1071,fair
1072,talk
1073,almost
1074,like
1075,prison
1076,look
1077,divorce
1078,look
1079,alcoholism
1080,drug
1081,sad
1082,close
1083,whole
1084,country
1085,guy
1086,close
1087,whole
1088,country
1089,destroy
1090,country
1091,country
1092,come
1093,back
1094,incredibly
1095,well
1096,set
1097,record
1098,need
1099,somebody
1100,come
1101,shut
1102,wrong
1103,crosstalk
1104,respond
1105,excuse
1106,statement
1107,people
1108,school
1109,open
1110,shut
1111,state
1112,shut
1113,restaurant
1114,look
1115,new
1116,york
1117,sad
1118,happen
1119,new
1120,york
1121,almost
1122,like
1123,ghost
1124,town
1125,sure
1126,ever
1127,recover
1128,do
1129,new
1130,york
1131,people
1132,place
1133,open
1134,get
1135,back
1136,live
1137,careful
1138,school
1139,open
1140,one
1141,bring
1142,back
1143,football
1144,bring
1145,back
1146,big
1147,ten
1148,football
1149,happy
1150,people
1151,ohio
1152,proud
1153,find
1154,crosstalk
1155,pay
1156,million
1157,dollar
1158,tax
1159,million
1160,dollar
1161,income
1162,tax
1163,tell
1164,story
1165,one
1166,paper
1167,pay
1168,pay
1169,million
1170,one
1171,year
1172,pay
1173,million
1174,one
1175,year
1176,soon
1177,finish
1178,board
1179,election
1180,page
1181,report
1182,everything
1183,every
1184,bank
1185,totally
1186,leverage
1187,asset
1188,extremely
1189,good
1190,build
1191,great
1192,company
1193,tell
1194,million
1195,dollar
1196,million
1197,dollar
1198,yes
1199,million
1200,dollar
1201,get
1202,get
1203,tell
1204,chris
1205,something
1206,tax
1207,law
1208,pay
1209,tax
1210,come
1211,private
1212,developer
1213,private
1214,business
1215,people
1216,like
1217,every
1218,private
1219,person
1220,unless
1221,stupid
1222,law
1223,pas
1224,tax
1225,bill
1226,give
1227,u
1228,privilege
1229,depreciation
1230,tax
1231,credit
1232,build
1233,build
1234,get
1235,tax
1236,credit
1237,like
1238,hotel
1239,pennsylvania
1240,avenue
1241,give
1242,obama
1243,administration
1244,believe
1245,man
1246,get
1247,fire
1248,right
1249,happen
1250,okay
1251,last
1252,year
1253,last
1254,year
1255,senator
1256,crosstalk
1257,hey
1258,joe
1259,tell
1260,joe
1261,month
1262,do
1263,do
1264,year
1265,joe
1266,do
1267,never
1268,even
1269,include
1270,fix
1271,break
1272,military
1273,give
1274,include
1275,care
1276,debt
1277,none
1278,vice
1279,president
1280,obama
1281,get
1282,do
1283,happen
1284,economy
1285,boom
1286,like
1287,never
1288,boom
1289,excuse
1290,slowest
1291,economic
1292,recovery
1293,since
1294,slowest
1295,recovery
1296,also
1297,something
1298,turn
1299,light
1300,pick
1301,lot
1302,slowest
1303,economic
1304,recovery
1305,since
1306,tell
1307,stock
1308,market
1309,stock
1310,market
1311,mean
1312,job
1313,also
1314,mean
1315,get
1316,ever
1317,become
1318,president
1319,idea
1320,terminate
1321,tax
1322,tell
1323,lose
1324,half
1325,company
1326,pour
1327,leave
1328,plenty
1329,company
1330,already
1331,leave
1332,place
1333,crosstalk
1334,leave
1335,depression
1336,like
1337,never
1338,bloom
1339,boom
1340,weakest
1341,recovery
1342,since
1343,covid
1344,come
1345,along
1346,excuse
1347,chris
1348,wait
1349,chris
1350,would
1351,number
1352,two
1353,chris
1354,chris
1355,would
1356,miracle
1357,bring
1358,back
1359,manufacture
1360,bring
1361,back
1362,job
1363,bring
1364,back
1365,nothing
1366,give
1367,manufacture
1368,standard
1369,fare
1370,totally
1371,give
1372,manufacture
1373,ohio
1374,best
1375,year
1376,ever
1377,last
1378,year
1379,michigan
1380,best
1381,year
1382,ever
1383,many
1384,car
1385,company
1386,come
1387,germany
1388,japan
1389,michigan
1390,ohio
1391,come
1392,crosstalk
1393,china
1394,eat
1395,lunch
1396,crosstalk
1397,china
1398,eat
1399,lunch
1400,joe
1401,wonder
1402,son
1403,billion
1404,dollar
1405,billion
1406,dollar
1407,manage
1408,million
1409,dollar
1410,also
1411,curiosity
1412,mayor
1413,moscow
1414,wife
1415,give
1416,son
1417,three
1418,half
1419,million
1420,dollar
1421,deserve
1422,deserve
1423,oh
1424,really
1425,get
1426,three
1427,half
1428,million
1429,well
1430,wait
1431,get
1432,three
1433,half
1434,million
1435,dollar
1436,joe
1437,get
1438,three
1439,half
1440,million
1441,dollar
1442,oh
1443,really
1444,fact
1445,burisma
1446,pay
1447,month
1448,experience
1449,energy
1450,medium
1451,medium
1452,refuse
1453,talk
1454,embarrass
1455,ask
1456,joe
1457,crosstalk
1458,get
1459,three
1460,half
1461,million
1462,dollar
1463,moscow
1464,oh
1465,really
1466,like
1467,fire
1468,people
1469,good
1470,job
1471,hey
1472,tell
1473,joe
1474,three
1475,half
1476,million
1477,joe
1478,deserve
1479,three
1480,half
1481,million
1482,moscow
1483,family
1484,family
1485,lose
1486,fortune
1487,come
1488,help
1489,u
1490,governance
1491,every
1492,single
1493,one
1494,lose
1495,fortune
1496,chris
1497,honest
1498,important
1499,question
1500,stand
1501,threaten
1502,ukraine
1503,billion
1504,dollar
1505,well
1506,well
1507,right
1508,plenty
1509,plenty
1510,oh
1511,yeah
1512,sure
1513,true
1514,crime
1515,bill
1516,call
1517,super
1518,predator
1519,africanamericans
1520,super
1521,predator
1522,never
1523,forget
1524,never
1525,forget
1526,call
1527,super
1528,predator
1529,people
1530,jail
1531,treat
1532,africanamerican
1533,population
1534,community
1535,treat
1536,black
1537,community
1538,bad
1539,anybody
1540,country
1541,look
1542,poll
1543,better
1544,republican
1545,do
1546,long
1547,time
1548,saw
1549,call
1550,super
1551,predator
1552,call
1553,worse
1554,look
1555,back
1556,testimony
1557,year
1558,call
1559,lot
1560,worse
1561,far
1562,church
1563,concern
1564,far
1565,general
1566,concern
1567,get
1568,support
1569,military
1570,leader
1571,general
1572,total
1573,support
1574,law
1575,enforcement
1576,almost
1577,every
1578,law
1579,enforcement
1580,group
1581,unite
1582,state
1583,florida
1584,texas
1585,ohio
1586,excuse
1587,portland
1588,sheriff
1589,come
1590,today
1591,support
1592,president
1593,trump
1594,law
1595,enforcement
1596,even
1597,word
1598,law
1599,enforcement
1600,word
1601,lose
1602,radical
1603,leave
1604,supporter
1605,word
1606,joe
1607,word
1608,law
1609,enforcement
1610,call
1611,u
1612,portland
1613,would
1614,put
1615,fire
1616,half
1617,hour
1618,run
1619,radical
1620,leave
1621,democrat
1622,look
1623,chicago
1624,look
1625,place
1626,look
1627,seattle
1628,hear
1629,come
1630,follow
1631,day
1632,put
1633,hand
1634,get
1635,back
1636,seattle
1637,minneapolis
1638,get
1639,back
1640,joe
1641,believe
1642,law
1643,order
1644,top
1645,city
1646,top
1647,city
1648,run
1649,democrat
1650,many
1651,case
1652,radical
1653,leave
1654,get
1655,wrap
1656,around
1657,finger
1658,joe
1659,point
1660,anything
1661,law
1662,order
1663,tell
1664,people
1665,country
1666,demand
1667,law
1668,order
1669,afraid
1670,even
1671,peaceful
1672,protest
1673,run
1674,middle
1675,town
1676,burn
1677,store
1678,kill
1679,people
1680,place
1681,crosstalk
1682,fine
1683,end
1684,racist
1685,end
1686,lot
1687,people
1688,complain
1689,ask
1690,absolutely
1691,insane
1692,radical
1693,revolution
1694,place
1695,military
1696,school
1697,place
1698,everybody
1699,else
1700,would
1701,crosstalk
1702,certain
1703,person
1704,status
1705,life
1706,sort
1707,reversal
1708,look
1709,people
1710,pay
1711,people
1712,hundred
1713,thousand
1714,dollar
1715,teach
1716,bad
1717,idea
1718,frankly
1719,sick
1720,idea
1721,really
1722,teach
1723,people
1724,hate
1725,country
1726,allow
1727,happen
1728,back
1729,core
1730,value
1731,country
1732,teach
1733,people
1734,country
1735,horrible
1736,place
1737,racist
1738,place
1739,teach
1740,people
1741,hate
1742,country
1743,allow
1744,happen
1745,obamabiden
1746,administration
1747,tremendous
1748,division
1749,hatred
1750,look
1751,ferguson
1752,look
1753,many
1754,place
1755,look
1756,oakland
1757,look
1758,happen
1759,oakland
1760,look
1761,happen
1762,baltimore
1763,look
1764,frankly
1765,violent
1766,even
1767,reason
1768,democrat
1769,run
1770,city
1771,talk
1772,like
1773,law
1774,order
1775,still
1776,mention
1777,favor
1778,law
1779,order
1780,favor
1781,law
1782,order
1783,crosstalk
1784,okay
1785,much
1786,place
1787,trouble
1788,democratic
1789,run
1790,city
1791,party
1792,issue
1793,bring
1794,couple
1795,example
1796,look
1797,chicago
1798,chicago
1799,people
1800,shoot
1801,eight
1802,die
1803,shoot
1804,look
1805,new
1806,york
1807,like
1808,nobody
1809,ever
1810,anything
1811,number
1812,crime
1813,crazy
1814,law
1815,order
1816,lose
1817,radical
1818,leave
1819,supporter
1820,ever
1821,get
1822,run
1823,country
1824,run
1825,would
1826,run
1827,would
1828,suburb
1829,would
1830,would
1831,problem
1832,like
1833,never
1834,oh
1835,suburb
1836,much
1837,talk
1838,talk
1839,defunding
1840,police
1841,law
1842,support
1843,law
1844,enforcement
1845,almost
1846,nothing
1847,oh
1848,really
1849,name
1850,one
1851,group
1852,support
1853,name
1854,one
1855,group
1856,come
1857,support
1858,ahead
1859,time
1860,right
1861,name
1862,one
1863,law
1864,enforcement
1865,group
1866,come
1867,support
1868,never
1869,do
1870,oh
1871,really
1872,send
1873,u
1874,marshall
1875,get
1876,killer
1877,young
1878,man
1879,middle
1880,street
1881,shoot
1882,three
1883,day
1884,portland
1885,anything
1886,send
1887,u
1888,marshal
1889,care
1890,business
1891,mean
1892,answer
1893,stuff
1894,wait
1895,second
1896,statement
1897,would
1898,love
1899,end
1900,send
1901,national
1902,guard
1903,would
1904,problem
1905,accept
1906,national
1907,guard
1908,sure
1909,would
1910,almost
1911,everything
1912,leave
1913,wing
1914,right
1915,wing
1916,will
1917,anything
1918,peace
1919,call
1920,give
1921,name
1922,give
1923,name
1924,ahead
1925,condemn
1926,proud
1927,boy
1928,stand
1929,back
1930,stand
1931,tell
1932,somebody
1933,get
1934,something
1935,antifa
1936,leave
1937,right
1938,wing
1939,problem
1940,leave
1941,wing
1942,oh
1943,get
1944,kid
1945,well
1946,wrong
1947,antifa
1948,bad
1949,antifa
1950,dangerous
1951,radical
1952,group
1953,ought
1954,careful
1955,throw
1956,never
1957,administration
1958,president
1959,do
1960,do
1961,period
1962,three
1963,half
1964,year
1965,despite
1966,impeachment
1967,hoax
1968,happen
1969,today
1970,hillary
1971,clinton
1972,whole
1973,big
1974,con
1975,job
1976,despite
1977,fight
1978,flank
1979,behind
1980,never
1981,administration
1982,do
1983,do
1984,greatest
1985,covid
1986,come
1987,greatest
1988,economy
1989,history
1990,lowest
1991,unemployment
1992,number
1993,everything
1994,good
1995,everything
1996,unity
1997,happen
1998,people
1999,call
2000,first
2001,time
2002,year
2003,call
2004,time
2005,maybe
2006,happen
2007,get
2008,hit
2009,build
2010,back
2011,rebuild
2012,military
2013,include
2014,space
2015,force
2016,fix
2017,va
2018,mess
2019,people
2020,die
2021,proper
2022,health
2023,care
2024,mess
2025,get
2026,approval
2027,rat
2028,va
2029,vet
2030,care
2031,vet
2032,rebuild
2033,military
2034,tell
2035,something
2036,people
2037,maybe
2038,important
2039,end
2040,first
2041,term
2042,approximately
2043,federal
2044,judge
2045,court
2046,appeal
2047,judge
2048,hopefully
2049,three
2050,great
2051,supreme
2052,court
2053,judge
2054,justice
2055,record
2056,like
2057,people
2058,one
2059,reason
2060,many
2061,judge
2062,president
2063,obama
2064,leave
2065,judge
2066,fill
2067,leave
2068,office
2069,leave
2070,judge
2071,like
2072,leave
2073,open
2074,member
2075,party
2076,little
2077,different
2078,philosophy
2079,leave
2080,u
2081,open
2082,good
2083,president
2084,good
2085,vice
2086,president
2087,thank
2088,give
2089,u
2090,almost
2091,probably
2092,number
2093,end
2094,term
2095,judge
2096,record
2097,son
2098,get
2099,three
2100,half
2101,million
2102,dollar
2103,really
2104,talk
2105,hunter
2106,talk
2107,hunter
2108,beau
2109,hunter
2110,hunter
2111,get
2112,throw
2113,military
2114,throw
2115,dishonorably
2116,discharge
2117,cocaine
2118,use
2119,job
2120,become
2121,vice
2122,president
2123,become
2124,vice
2125,president
2126,fortune
2127,ukraine
2128,china
2129,moscow
2130,various
2131,place
2132,fortune
2133,job
2134,give
2135,ten
2136,million
2137,dollar
2138,somebody
2139,get
2140,three
2141,half
2142,million
2143,dollar
2144,mayor
2145,moscow
2146,get
2147,crystal
2148,clean
2149,water
2150,air
2151,beautiful
2152,clean
2153,air
2154,lowest
2155,look
2156,number
2157,right
2158,phenomenally
2159,destroy
2160,business
2161,business
2162,put
2163,commission
2164,look
2165,paris
2166,accord
2167,disaster
2168,standpoint
2169,people
2170,actually
2171,happy
2172,business
2173,well
2174,far
2175,fire
2176,concern
2177,need
2178,forest
2179,management
2180,addition
2181,everything
2182,else
2183,forest
2184,floor
2185,load
2186,tree
2187,dead
2188,tree
2189,year
2190,old
2191,like
2192,tinder
2193,leave
2194,everything
2195,else
2196,drop
2197,cigarette
2198,whole
2199,forest
2200,burn
2201,get
2202,forest
2203,management
2204,believe
2205,everything
2206,immaculate
2207,air
2208,immaculate
2209,water
2210,whatever
2211,else
2212,good
2213,plant
2214,billion
2215,tree
2216,billion
2217,tree
2218,project
2219,excite
2220,lot
2221,people
2222,lot
2223,extent
2224,yes
2225,extent
2226,yes
2227,also
2228,better
2229,management
2230,forest
2231,every
2232,year
2233,get
2234,call
2235,california
2236,burn
2237,california
2238,burn
2239,clean
2240,forest
2241,management
2242,good
2243,forest
2244,management
2245,get
2246,call
2247,europe
2248,live
2249,forest
2250,city
2251,call
2252,forest
2253,city
2254,maintain
2255,forest
2256,manage
2257,forest
2258,head
2259,major
2260,country
2261,forest
2262,city
2263,sir
2264,tree
2265,far
2266,ignite
2267,much
2268,easier
2269,california
2270,problem
2271,speak
2272,governor
2273,get
2274,along
2275,well
2276,governor
2277,point
2278,every
2279,year
2280,hundred
2281,thousand
2282,acre
2283,land
2284,burn
2285,grind
2286,burn
2287,lack
2288,management
2289,drive
2290,energy
2291,price
2292,sky
2293,well
2294,really
2295,happen
2296,car
2297,much
2298,le
2299,expensive
2300,much
2301,safer
2302,car
2303,talk
2304,tiny
2305,difference
2306,would
2307,happen
2308,cost
2309,car
2310,would
2311,least
2312,double
2313,triple
2314,number
2315,car
2316,purchase
2317,old
2318,slug
2319,year
2320,old
2321,car
2322,would
2323,safer
2324,would
2325,much
2326,cheaper
2327,would
2328,lot
2329,car
2330,market
2331,people
2332,would
2333,able
2334,afford
2335,car
2336,turn
2337,lot
2338,people
2339,agree
2340,many
2341,people
2342,car
2343,get
2344,expensive
2345,computer
2346,place
2347,extra
2348,little
2349,bite
2350,gasoline
2351,okay
2352,electric
2353,car
2354,electric
2355,car
2356,give
2357,big
2358,incentive
2359,electric
2360,car
2361,do
2362,california
2363,crazy
2364,true
2365,true
2366,talk
2367,green
2368,new
2369,deal
2370,billion
2371,crosstalk
2372,billion
2373,crosstalk
2374,trillion
2375,rebuild
2376,build
2377,dumbest
2378,ridiculous
2379,crosstalk
2380,two
2381,car
2382,system
2383,cow
2384,true
2385,either
2386,right
2387,trillion
2388,money
2389,country
2390,could
2391,year
2392,crosstalk
2393,million
2394,dollar
2395,never
2396,lot
2397,wait
2398,minute
2399,chris
2400,year
2401,vice
2402,president
2403,get
2404,china
2405,send
2406,real
2407,dirt
2408,air
2409,russia
2410,india
2411,suppose
2412,good
2413,couple
2414,statement
2415,green
2416,new
2417,deal
2418,hundred
2419,trillion
2420,dollar
2421,statement
2422,military
2423,something
2424,military
2425,friend
2426,never
2427,call
2428,military
2429,stupid
2430,bastard
2431,tape
2432,crosstalk
2433,would
2434,never
2435,crosstalk
2436,tape
2437,oh
2438,oh
2439,well
2440,big
2441,statement
2442,lose
2443,radical
2444,leave
2445,listen
2446,joe
2447,talk
2448,transition
2449,transition
2450,election
2451,look
2452,crook
2453,hillary
2454,clinton
2455,look
2456,different
2457,people
2458,transition
2459,come
2460,try
2461,coup
2462,come
2463,spy
2464,campaign
2465,start
2466,day
2467,even
2468,day
2469,come
2470,escalator
2471,first
2472,lady
2473,disaster
2474,disgrace
2475,country
2476,catch
2477,catch
2478,get
2479,tape
2480,catch
2481,give
2482,idea
2483,logan
2484,act
2485,general
2486,flynn
2487,better
2488,look
2489,catch
2490,sense
2491,president
2492,obama
2493,sit
2494,office
2495,tell
2496,free
2497,transition
2498,far
2499,ballot
2500,concern
2501,disaster
2502,solicit
2503,ballot
2504,okay
2505,solicit
2506,okay
2507,solicit
2508,ask
2509,send
2510,back
2511,send
2512,back
2513,send
2514,million
2515,ballot
2516,country
2517,fraud
2518,find
2519,creek
2520,find
2521,happen
2522,name
2523,trump
2524,day
2525,wastepaper
2526,basket
2527,send
2528,place
2529,send
2530,two
2531,democrat
2532,area
2533,send
2534,thousand
2535,ballot
2536,everybody
2537,get
2538,two
2539,ballot
2540,fraud
2541,like
2542,never
2543,nice
2544,november
2545,watch
2546,election
2547,well
2548,people
2549,really
2550,happy
2551,job
2552,do
2553,might
2554,month
2555,ballot
2556,look
2557,happen
2558,manhattan
2559,look
2560,happen
2561,new
2562,jersey
2563,look
2564,happen
2565,virginia
2566,place
2567,lose
2568,much
2569,election
2570,could
2571,lose
2572,lose
2573,fraud
2574,shame
2575,imagine
2576,ballot
2577,november
2578,november
2579,seven
2580,day
2581,election
2582,theory
2583,announce
2584,major
2585,state
2586,crosstalk
2587,run
2588,democrat
2589,run
2590,democrat
2591,rig
2592,election
2593,yeah
2594,count
2595,look
2596,ballot
2597,definitely
2598,hope
2599,need
2600,term
2601,election
2602,ballot
2603,happen
2604,incredible
2605,read
2606,today
2607,least
2608,ballot
2609,invalidate
2610,like
2611,like
2612,throw
2613,leave
2614,right
2615,vote
2616,solicit
2617,ballot
2618,okay
2619,vote
2620,vote
2621,either
2622,chris
2623,solicit
2624,ballot
2625,send
2626,send
2627,back
2628,send
2629,mailman
2630,lot
2631,look
2632,west
2633,virginia
2634,mailman
2635,sell
2636,ballot
2637,sell
2638,dump
2639,river
2640,horrible
2641,country
2642,end
2643,well
2644,end
2645,well
2646,wrong
2647,wrong
2648,crosstalk
2649,love
2650,count
2651,vote
2652,crosstalk
2653,chris
2654,wrong
2655,statement
2656,like
2657,excuse
2658,crosstalk
2659,do
2660,already
2661,fraud
2662,crosstalk
2663,could
2664,month
2665,urge
2666,supporter
2667,poll
2668,watch
2669,carefully
2670,happen
2671,urge
2672,today
2673,big
2674,problem
2675,philadelphia
2676,watch
2677,call
2678,poll
2679,watcher
2680,safe
2681,nice
2682,throw
2683,allow
2684,watch
2685,bad
2686,happen
2687,philadelphia
2688,bad
2689,urge
2690,people
2691,hope
2692,fair
2693,election
2694,fair
2695,election
2696,board
2697,ten
2698,thousand
2699,ballot
2700,manipulate
2701,along
2702,tell
2703,common
2704,sense
2705,tell
2706,mean
2707,mean
2708,fraudulent
2709,election
2710,send
2711,million
2712,ballot
2713,people
2714,equip
2715,handle
2716,number
2717,one
2718,number
2719,two
2720,cheat
2721,cheat
2722,hey
2723,find
2724,ballot
2725,wastepaper
2726,basket
2727,three
2728,day
2729,ago
2730,name
2731,military
2732,ballot
2733,military
2734,name
2735,trump
2736,good
2737,already
2738,establish
2739,look
2740,carolyn
2741,maloney
2742,race
2743,honest
2744,ballot
2745,cut
2746,honest
2747,ballot
2748,count
2749,goal
2750,hear
2751,american
2752,people
2753,hear
2754,every
2755,word
2756,ready
2757,start
2758,begin
2759,fight
2760,coronavirus
2761,president
2762,trump
2763,first
2764,question
2765,country
2766,head
2767,dangerous
2768,new
2769,phase
2770,american
2771,hospital
2772,tonight
2773,covid
2774,include
2775,record
2776,number
2777,tennessee
2778,since
2779,two
2780,last
2781,share
2782,stage
2783,american
2784,die
2785,covid
2786,please
2787,specific
2788,would
2789,lead
2790,country
2791,next
2792,stage
2793,coronavirus
2794,crisis
2795,two
2796,minute
2797,uninterrupted
2798,big
2799,spike
2800,texas
2801,big
2802,spike
2803,arizona
2804,spike
2805,surge
2806,place
2807,soon
2808,vaccine
2809,come
2810,ready
2811,announce
2812,within
2813,week
2814,deliver
2815,operation
2816,warp
2817,speed
2818,military
2819,distribute
2820,vaccine
2821,tell
2822,personal
2823,experience
2824,hospital
2825,get
2826,better
2827,tell
2828,something
2829,give
2830,therapeutic
2831,guess
2832,would
2833,call
2834,people
2835,could
2836,cure
2837,short
2838,period
2839,time
2840,get
2841,better
2842,fast
2843,tonight
2844,immune
2845,whether
2846,four
2847,month
2848,lifetime
2849,nobody
2850,able
2851,immune
2852,people
2853,get
2854,better
2855,problem
2856,worldwide
2857,problem
2858,worldwide
2859,problem
2860,congratulate
2861,head
2862,many
2863,country
2864,able
2865,look
2866,do
2867,term
2868,goggle
2869,mask
2870,gown
2871,everything
2872,else
2873,particular
2874,ventilator
2875,ventilator
2876,world
2877,thousand
2878,thousand
2879,month
2880,distribute
2881,world
2882,away
2883,round
2884,turn
2885,round
2886,corner
2887,away
2888,expectation
2889,another
2890,american
2891,dead
2892,end
2893,year
2894,wear
2895,mask
2896,president
2897,advisor
2898,tell
2899,save
2900,live
2901,circumstance
2902,president
2903,thus
2904,far
2905,still
2906,plan
2907,comprehensive
2908,plan
2909,guarantee
2910,end
2911,year
2912,good
2913,chance
2914,two
2915,company
2916,within
2917,matter
2918,week
2919,distribute
2920,quickly
2921,johnson
2922,johnson
2923,well
2924,moderna
2925,well
2926,pfizer
2927,well
2928,numerous
2929,others
2930,also
2931,others
2932,work
2933,closely
2934,country
2935,particular
2936,europe
2937,timeline
2938,accurate
2939,count
2940,military
2941,general
2942,line
2943,one
2944,particular
2945,head
2946,logistics
2947,easy
2948,distribution
2949,ready
2950,soon
2951,vaccine
2952,expect
2953,million
2954,vial
2955,soon
2956,vaccine
2957,ready
2958,frankly
2959,run
2960,swine
2961,flu
2962,total
2963,disaster
2964,far
2965,le
2966,lethal
2967,total
2968,disaster
2969,kind
2970,number
2971,people
2972,would
2973,dead
2974,right
2975,far
2976,le
2977,lethal
2978,disease
2979,look
2980,person
2981,run
2982,chief
2983,staff
2984,catastrophic
2985,horrible
2986,come
2987,tell
2988,u
2989,vice
2990,president
2991,biden
2992,response
2993,happen
2994,start
2995,talk
2996,use
2997,defense
2998,act
2999,sure
3000,get
3001,whatever
3002,need
3003,protect
3004,people
3005,back
3006,nothing
3007,virtually
3008,nothing
3009,get
3010,hospital
3011,talk
3012,oh
3013,worry
3014,soon
3015,come
3016,another
3017,serious
3018,scientist
3019,world
3020,soon
3021,soon
3022,learn
3023,live
3024,choice
3025,lock
3026,basement
3027,like
3028,joe
3029,ability
3030,lock
3031,obviously
3032,lot
3033,money
3034,someplace
3035,live
3036,basement
3037,people
3038,president
3039,love
3040,put
3041,basement
3042,beautiful
3043,room
3044,white
3045,house
3046,away
3047,year
3048,half
3049,disappear
3050,people
3051,recover
3052,recover
3053,close
3054,nation
3055,open
3056,school
3057,close
3058,nation
3059,nation
3060,respond
3061,number
3062,one
3063,learn
3064,live
3065,people
3066,learn
3067,die
3068,folk
3069,home
3070,empty
3071,chair
3072,kitchen
3073,table
3074,morning
3075,man
3076,wife
3077,bed
3078,tonight
3079,reach
3080,try
3081,touch
3082,habit
3083,wife
3084,husband
3085,learn
3086,live
3087,come
3088,die
3089,never
3090,dangerous
3091,last
3092,time
3093,really
3094,dangerous
3095,still
3096,dangerous
3097,tell
3098,people
3099,dangerous
3100,danger
3101,responsibility
3102,excuse
3103,full
3104,responsibility
3105,fault
3106,come
3107,china
3108,fault
3109,joe
3110,fault
3111,come
3112,either
3113,china
3114,fault
3115,keep
3116,rest
3117,china
3118,part
3119,keep
3120,come
3121,world
3122,include
3123,europe
3124,look
3125,perhaps
3126,finish
3127,kid
3128,finish
3129,close
3130,close
3131,month
3132,nancy
3133,pelosi
3134,dance
3135,street
3136,chinatown
3137,san
3138,francisco
3139,close
3140,terrible
3141,xenophobic
3142,call
3143,racist
3144,even
3145,close
3146,china
3147,close
3148,earlier
3149,joe
3150,certainly
3151,certainly
3152,right
3153,talk
3154,different
3155,strategy
3156,handle
3157,respond
3158,quickly
3159,vice
3160,president
3161,biden
3162,rule
3163,shut
3164,down
3165,talk
3166,school
3167,president
3168,trump
3169,follow
3170,president
3171,trump
3172,demand
3173,school
3174,open
3175,person
3176,insist
3177,safely
3178,yesterday
3179,boston
3180,become
3181,latest
3182,city
3183,move
3184,public
3185,school
3186,system
3187,entirely
3188,online
3189,coronavirus
3190,spike
3191,message
3192,parent
3193,worry
3194,send
3195,child
3196,school
3197,endanger
3198,kid
3199,also
3200,teacher
3201,family
3202,vice
3203,president
3204,biden
3205,response
3206,president
3207,trump
3208,follow
3209,quickly
3210,vice
3211,president
3212,biden
3213,kristen
3214,new
3215,york
3216,lose
3217,people
3218,people
3219,nurse
3220,home
3221,spike
3222,look
3223,happen
3224,pennsylvania
3225,close
3226,look
3227,happen
3228,friend
3229,michigan
3230,husband
3231,one
3232,allow
3233,anything
3234,like
3235,prison
3236,rule
3237,unconstitutional
3238,look
3239,north
3240,carolina
3241,spike
3242,close
3243,get
3244,kill
3245,financially
3246,happen
3247,joe
3248,happen
3249,open
3250,understand
3251,disease
3252,protect
3253,senior
3254,protect
3255,elderly
3256,protect
3257,especially
3258,senior
3259,heart
3260,problem
3261,diabetes
3262,problem
3263,protect
3264,best
3265,test
3266,world
3267,far
3268,many
3269,case
3270,listen
3271,include
3272,anthony
3273,get
3274,along
3275,well
3276,anthony
3277,vice
3278,president
3279,biden
3280,response
3281,quickly
3282,move
3283,next
3284,section
3285,well
3286,crosstalk
3287,somebody
3288,wall
3289,street
3290,one
3291,money
3292,wall
3293,street
3294,joe
3295,raise
3296,lot
3297,money
3298,tremendous
3299,amount
3300,money
3301,every
3302,time
3303,raise
3304,money
3305,deal
3306,joe
3307,could
3308,raise
3309,much
3310,money
3311,president
3312,somebody
3313,people
3314,could
3315,call
3316,head
3317,wall
3318,street
3319,head
3320,every
3321,company
3322,america
3323,would
3324,blow
3325,away
3326,every
3327,record
3328,put
3329,bad
3330,position
3331,bring
3332,wall
3333,street
3334,bring
3335,wall
3336,street
3337,one
3338,money
3339,wall
3340,street
3341,could
3342,blow
3343,away
3344,record
3345,like
3346,believe
3347,need
3348,money
3349,plenty
3350,money
3351,fact
3352,beat
3353,hillary
3354,clinton
3355,tiny
3356,fraction
3357,money
3358,able
3359,crosstalk
3360,best
3361,knowledge
3362,president
3363,anything
3364,putin
3365,talk
3366,lot
3367,word
3368,word
3369,putin
3370,recently
3371,anything
3372,iranian
3373,guess
3374,probably
3375,outspoken
3376,regard
3377,iranian
3378,president
3379,trump
3380,question
3381,crosstalk
3382,ask
3383,question
3384,two
3385,minute
3386,respond
3387,two
3388,election
3389,row
3390,substantial
3391,interference
3392,foreign
3393,adversary
3394,would
3395,next
3396,term
3397,put
3398,end
3399,two
3400,minute
3401,uninterrupted
3402,last
3403,night
3404,john
3405,john
3406,ratcliffe
3407,fantastic
3408,dni
3409,one
3410,common
3411,tell
3412,bad
3413,submarine
3414,port
3415,remember
3416,well
3417,term
3418,barack
3419,obama
3420,big
3421,part
3422,ukraine
3423,hand
3424,get
3425,lot
3426,money
3427,russia
3428,pay
3429,lot
3430,money
3431,probably
3432,still
3433,come
3434,today
3435,even
3436,worse
3437,email
3438,email
3439,horrible
3440,email
3441,kind
3442,money
3443,rake
3444,family
3445,joe
3446,vicepresident
3447,happen
3448,never
3449,happen
3450,owe
3451,explanation
3452,american
3453,people
3454,somebody
3455,news
3456,conference
3457,little
3458,ago
3459,essentially
3460,suppose
3461,work
3462,family
3463,damn
3464,regardless
3465,clean
3466,talk
3467,american
3468,people
3469,maybe
3470,right
3471,crosstalk
3472,penny
3473,foreign
3474,source
3475,ever
3476,life
3477,learn
3478,president
3479,pay
3480,time
3481,tax
3482,china
3483,secret
3484,bank
3485,account
3486,china
3487,business
3488,china
3489,fact
3490,talk
3491,money
3492,single
3493,penny
3494,country
3495,whatsoever
3496,ever
3497,number
3498,one
3499,president
3500,trump
3501,response
3502,accountant
3503,tell
3504,crosstalk
3505,number
3506,two
3507,money
3508,china
3509,money
3510,ukraine
3511,money
3512,russia
3513,million
3514,joe
3515,son
3516,give
3517,even
3518,statement
3519,give
3520,big
3521,man
3522,big
3523,man
3524,maybe
3525,big
3526,man
3527,son
3528,give
3529,big
3530,men
3531,joe
3532,terrible
3533,respond
3534,deep
3535,irs
3536,treat
3537,horribly
3538,deal
3539,settle
3540,decide
3541,run
3542,president
3543,get
3544,treat
3545,badly
3546,irs
3547,unfairly
3548,deal
3549,do
3550,soon
3551,complete
3552,deal
3553,release
3554,pay
3555,million
3556,million
3557,dollar
3558,worse
3559,pay
3560,pay
3561,advance
3562,call
3563,prepay
3564,tax
3565,pay
3566,crosstalk
3567,four
3568,year
3569,show
3570,u
3571,show
3572,u
3573,stop
3574,play
3575,around
3576,four
3577,year
3578,release
3579,tax
3580,crosstalk
3581,president
3582,trump
3583,get
3584,two
3585,question
3586,put
3587,phony
3588,witch
3589,hunt
3590,three
3591,year
3592,start
3593,even
3594,get
3595,elect
3596,spy
3597,campaign
3598,president
3599,ever
3600,mueller
3601,angry
3602,democrat
3603,fbi
3604,agent
3605,place
3606,spend
3607,million
3608,everything
3609,include
3610,tax
3611,return
3612,find
3613,absolutely
3614,collusion
3615,nothing
3616,wrong
3617,million
3618,guarantee
3619,spend
3620,million
3621,joe
3622,could
3623,find
3624,plenty
3625,wrong
3626,kind
3627,right
3628,gentleman
3629,ask
3630,question
3631,broadly
3632,vicepresident
3633,biden
3634,question
3635,work
3636,son
3637,do
3638,china
3639,ukrainian
3640,energy
3641,company
3642,vicepresident
3643,retrospect
3644,anything
3645,relationship
3646,inappropriate
3647,unethical
3648,number
3649,two
3650,guy
3651,get
3652,trouble
3653,ukraine
3654,guy
3655,try
3656,bribe
3657,ukrainian
3658,government
3659,something
3660,negative
3661,would
3662,never
3663,ever
3664,ever
3665,happen
3666,son
3667,money
3668,term
3669,talk
3670,china
3671,guy
3672,money
3673,china
3674,guy
3675,one
3676,nobody
3677,else
3678,money
3679,china
3680,crosstalk
3681,could
3682,one
3683,son
3684,job
3685,long
3686,time
3687,sadly
3688,longer
3689,military
3690,service
3691,get
3692,job
3693,soon
3694,become
3695,vicepresident
3696,burisma
3697,best
3698,reputation
3699,world
3700,hear
3701,pay
3702,month
3703,listen
3704,give
3705,million
3706,upfront
3707,payment
3708,energy
3709,experience
3710,dishonest
3711,basis
3712,everybody
3713,investigate
3714,one
3715,anything
3716,wrong
3717,ukraine
3718,many
3719,bank
3720,account
3721,list
3722,place
3723,mean
3724,businessman
3725,business
3726,bank
3727,account
3728,refer
3729,everybody
3730,list
3731,bank
3732,account
3733,open
3734,close
3735,believe
3736,decide
3737,deal
3738,china
3739,like
3740,million
3741,people
3742,decide
3743,like
3744,decide
3745,account
3746,open
3747,close
3748,number
3749,two
3750,situation
3751,china
3752,would
3753,play
3754,rule
3755,internationally
3756,well
3757,meet
3758,xi
3759,still
3760,vicepresident
3761,set
3762,air
3763,identification
3764,zone
3765,south
3766,china
3767,sea
3768,fly
3769,fly
3770,fly
3771,bomber
3772,pay
3773,attention
3774,play
3775,rule
3776,embrace
3777,guy
3778,like
3779,thug
3780,like
3781,north
3782,korea
3783,chinese
3784,president
3785,putin
3786,others
3787,poke
3788,finger
3789,inaudible
3790,friend
3791,ally
3792,world
3793,economy
3794,need
3795,rest
3796,friend
3797,u
3798,china
3799,rule
3800,play
3801,pay
3802,price
3803,pay
3804,economically
3805,right
3806,talk
3807,north
3808,korea
3809,vice
3810,president
3811,excuse
3812,respond
3813,true
3814,true
3815,wait
3816,minute
3817,give
3818,billion
3819,farmer
3820,taxpayer
3821,call
3822,china
3823,china
3824,pay
3825,billion
3826,pay
3827,joe
3828,devalue
3829,currency
3830,also
3831,pay
3832,get
3833,money
3834,farmer
3835,great
3836,farmer
3837,target
3838,never
3839,charge
3840,anything
3841,also
3842,charge
3843,dump
3844,steel
3845,kill
3846,steel
3847,industry
3848,steel
3849,industry
3850,steel
3851,industry
3852,response
3853,look
3854,reason
3855,bring
3856,malarkey
3857,reason
3858,talk
3859,substantive
3860,issue
3861,family
3862,family
3863,family
3864,family
3865,hurt
3866,badly
3867,middleclass
3868,family
3869,get
3870,hurt
3871,badly
3872,right
3873,sit
3874,kitchen
3875,table
3876,morning
3877,decide
3878,well
3879,get
3880,new
3881,tire
3882,bald
3883,wait
3884,another
3885,month
3886,able
3887,pay
3888,mortgage
3889,tell
3890,back
3891,community
3892,college
3893,decision
3894,middleclass
3895,family
3896,like
3897,grow
3898,scranton
3899,claymont
3900,trouble
3901,talk
3902,family
3903,last
3904,talk
3905,typical
3906,statement
3907,excuse
3908,one
3909,second
3910,please
3911,typical
3912,political
3913,statement
3914,get
3915,china
3916,look
3917,family
3918,around
3919,table
3920,everything
3921,typical
3922,politician
3923,typical
3924,politician
3925,talk
3926,north
3927,korea
3928,president
3929,trump
3930,meet
3931,north
3932,korean
3933,leader
3934,kim
3935,jongun
3936,three
3937,time
3938,talk
3939,beautiful
3940,letter
3941,tout
3942,fact
3943,war
3944,long
3945,range
3946,missile
3947,test
3948,yet
3949,north
3950,korea
3951,recently
3952,roll
3953,biggest
3954,ever
3955,intercontinental
3956,ballistic
3957,missile
3958,continue
3959,develop
3960,nuclear
3961,arsenal
3962,betrayal
3963,relationship
3964,forge
3965,second
3966,need
3967,get
3968,onto
3969,next
3970,topic
3971,president
3972,trump
3973,second
3974,vice
3975,president
3976,biden
3977,north
3978,korea
3979,conduct
3980,four
3981,nuclear
3982,test
3983,obama
3984,administration
3985,would
3986,able
3987,reign
3988,persistent
3989,threaten
3990,follow
3991,vice
3992,president
3993,biden
3994,meet
3995,kim
3996,jongun
3997,without
3998,precondition
3999,condition
4000,would
4001,meet
4002,right
4003,move
4004,american
4005,family
4006,quickly
4007,second
4008,president
4009,trump
4010,okay
4011,get
4012,give
4013,chance
4014,respond
4015,move
4016,president
4017,trump
4018,move
4019,lot
4020,question
4021,get
4022,response
4023,right
4024,move
4025,excuse
4026,leave
4027,mess
4028,kristen
4029,pas
4030,obamacare
4031,public
4032,option
4033,become
4034,bidencare
4035,public
4036,option
4037,option
4038,fact
4039,wherewithal
4040,qualify
4041,medicaid
4042,wherewithal
4043,state
4044,get
4045,medicaid
4046,automatically
4047,enrol
4048,provide
4049,competition
4050,insurance
4051,company
4052,happen
4053,secondly
4054,sure
4055,reduce
4056,premium
4057,reduce
4058,drug
4059,price
4060,sure
4061,competition
4062,exist
4063,allow
4064,medicare
4065,negotiate
4066,drug
4067,price
4068,insurance
4069,company
4070,thirdly
4071,idea
4072,eliminate
4073,private
4074,insurance
4075,reason
4076,fight
4077,candidate
4078,nomination
4079,support
4080,private
4081,insurance
4082,one
4083,single
4084,person
4085,private
4086,insurance
4087,would
4088,lose
4089,insurance
4090,plan
4091,obamacare
4092,lose
4093,insurance
4094,unless
4095,choose
4096,something
4097,else
4098,followup
4099,vice
4100,president
4101,biden
4102,relate
4103,something
4104,president
4105,trump
4106,accuse
4107,socialize
4108,medicine
4109,people
4110,concern
4111,healthcare
4112,plan
4113,include
4114,government
4115,insurance
4116,option
4117,excuse
4118,year
4119,vice
4120,president
4121,eight
4122,year
4123,like
4124,year
4125,ago
4126,three
4127,three
4128,little
4129,ago
4130,right
4131,le
4132,four
4133,year
4134,ago
4135,anything
4136,socialize
4137,medicine
4138,vice
4139,president
4140,liberal
4141,bernie
4142,sander
4143,even
4144,bernie
4145,sander
4146,democrat
4147,socialize
4148,medicine
4149,like
4150,fracking
4151,fracking
4152,stop
4153,fracking
4154,stop
4155,fracking
4156,pennsylvania
4157,get
4158,nomination
4159,get
4160,lucky
4161,get
4162,pennsylvania
4163,oh
4164,fracking
4165,never
4166,ask
4167,question
4168,far
4169,respect
4170,much
4171,handle
4172,somebody
4173,ask
4174,question
4175,year
4176,fracking
4177,number
4178,topic
4179,get
4180,get
4181,number
4182,topic
4183,respond
4184,healthcare
4185,response
4186,people
4187,deserve
4188,affordable
4189,healthcare
4190,period
4191,period
4192,period
4193,period
4194,biden
4195,care
4196,proposal
4197,fact
4198,provide
4199,affordable
4200,healthcare
4201,lower
4202,premium
4203,cost
4204,money
4205,cost
4206,billion
4207,year
4208,lower
4209,premium
4210,buy
4211,better
4212,plan
4213,cheaper
4214,plan
4215,lower
4216,premium
4217,deal
4218,unexpected
4219,bill
4220,drug
4221,price
4222,drop
4223,significantly
4224,keep
4225,talk
4226,do
4227,anybody
4228,healthcare
4229,quickly
4230,talk
4231,happen
4232,capitol
4233,hill
4234,wrong
4235,okay
4236,hear
4237,vice
4238,president
4239,biden
4240,respond
4241,confuse
4242,guy
4243,run
4244,somebody
4245,else
4246,run
4247,joe
4248,biden
4249,beat
4250,people
4251,disagree
4252,joe
4253,biden
4254,run
4255,idea
4256,situation
4257,destroy
4258,guy
4259,actuary
4260,medicare
4261,social
4262,security
4263,fact
4264,continue
4265,plan
4266,withhold
4267,tax
4268,social
4269,security
4270,social
4271,security
4272,bankrupt
4273,guy
4274,try
4275,cut
4276,medicare
4277,idea
4278,donald
4279,trump
4280,lecture
4281,social
4282,security
4283,medicare
4284,come
4285,second
4286,mr
4287,president
4288,another
4289,question
4290,right
4291,move
4292,move
4293,mr
4294,president
4295,move
4296,next
4297,question
4298,else
4299,time
4300,talk
4301,quickly
4302,k
4303,kristen
4304,k
4305,roof
4306,right
4307,okay
4308,move
4309,next
4310,question
4311,move
4312,next
4313,question
4314,gentleman
4315,tonight
4316,million
4317,people
4318,work
4319,tonight
4320,million
4321,american
4322,fall
4323,poverty
4324,family
4325,hungry
4326,every
4327,day
4328,hit
4329,hardest
4330,woman
4331,people
4332,color
4333,washington
4334,fight
4335,relief
4336,bill
4337,mr
4338,president
4339,able
4340,get
4341,help
4342,need
4343,second
4344,president
4345,right
4346,mr
4347,vice
4348,president
4349,follow
4350,vice
4351,president
4352,biden
4353,ask
4354,vice
4355,president
4356,biden
4357,question
4358,leader
4359,democratic
4360,party
4361,push
4362,democrat
4363,get
4364,deal
4365,american
4366,people
4367,bill
4368,pas
4369,house
4370,bailout
4371,badly
4372,run
4373,high
4374,crime
4375,democrat
4376,run
4377,democrat
4378,city
4379,state
4380,get
4381,lot
4382,money
4383,billion
4384,billion
4385,dollar
4386,guy
4387,also
4388,get
4389,lot
4390,money
4391,people
4392,pocket
4393,people
4394,come
4395,country
4396,illegally
4397,care
4398,everything
4399,love
4400,love
4401,help
4402,everybody
4403,world
4404,start
4405,pour
4406,country
4407,care
4408,spend
4409,nothing
4410,covid
4411,per
4412,question
4413,really
4414,big
4415,bailout
4416,badly
4417,run
4418,democrat
4419,city
4420,state
4421,get
4422,elect
4423,run
4424,proud
4425,democrat
4426,american
4427,president
4428,red
4429,state
4430,blue
4431,state
4432,american
4433,unite
4434,state
4435,folk
4436,every
4437,single
4438,state
4439,find
4440,themself
4441,trouble
4442,start
4443,lay
4444,whether
4445,red
4446,blue
4447,cop
4448,firefighter
4449,first
4450,responder
4451,teacher
4452,balance
4453,budget
4454,founder
4455,smart
4456,allow
4457,federal
4458,government
4459,deficit
4460,spend
4461,compensate
4462,unite
4463,state
4464,america
4465,move
4466,immigration
4467,get
4468,recently
4469,recently
4470,would
4471,consider
4472,raise
4473,federal
4474,minimum
4475,wage
4476,hour
4477,recently
4478,would
4479,consider
4480,raise
4481,federal
4482,minimum
4483,wage
4484,hour
4485,really
4486,second
4487,administration
4488,level
4489,put
4490,business
4491,business
4492,state
4493,option
4494,look
4495,live
4496,different
4497,place
4498,different
4499,place
4500,different
4501,place
4502,bad
4503,place
4504,state
4505,would
4506,ruin
4507,child
4508,bring
4509,coyote
4510,lot
4511,bad
4512,people
4513,reunite
4514,kid
4515,family
4516,mr
4517,president
4518,plan
4519,reunite
4520,kid
4521,family
4522,vice
4523,president
4524,biden
4525,bring
4526,conversation
4527,quick
4528,response
4529,another
4530,question
4531,ask
4532,followup
4533,question
4534,response
4535,build
4536,cage
4537,build
4538,cage
4539,joe
4540,build
4541,cage
4542,joe
4543,ask
4544,crosstalk
4545,second
4546,need
4547,ask
4548,crosstalk
4549,reunite
4550,family
4551,president
4552,trump
4553,reaction
4554,vice
4555,president
4556,biden
4557,response
4558,president
4559,trump
4560,response
4561,second
4562,move
4563,okay
4564,president
4565,trump
4566,give
4567,vice
4568,president
4569,biden
4570,chance
4571,respond
4572,move
4573,next
4574,section
4575,vice
4576,president
4577,biden
4578,response
4579,well
4580,check
4581,come
4582,back
4583,worry
4584,terminate
4585,worry
4586,anymore
4587,joe
4588,right
4589,kid
4590,god
4591,name
4592,lose
4593,parent
4594,right
4595,talk
4596,next
4597,section
4598,race
4599,america
4600,talk
4601,black
4602,brown
4603,american
4604,experience
4605,race
4606,country
4607,part
4608,experience
4609,something
4610,call
4611,talk
4612,happen
4613,regardless
4614,class
4615,income
4616,parent
4617,feel
4618,choice
4619,prepare
4620,child
4621,chance
4622,could
4623,target
4624,include
4625,police
4626,reason
4627,color
4628,skin
4629,mr
4630,vice
4631,president
4632,next
4633,two
4634,minute
4635,speak
4636,directly
4637,family
4638,understand
4639,parent
4640,fear
4641,child
4642,sure
4643,fact
4644,get
4645,pull
4646,yes
4647,sir
4648,sir
4649,hand
4650,top
4651,wheel
4652,fact
4653,victim
4654,whether
4655,person
4656,child
4657,year
4658,person
4659,someone
4660,food
4661,stamp
4662,fact
4663,matter
4664,institutional
4665,racism
4666,america
4667,always
4668,never
4669,live
4670,hold
4671,truth
4672,selfevident
4673,men
4674,woman
4675,create
4676,equal
4677,well
4678,guess
4679,never
4680,ever
4681,live
4682,always
4683,constantly
4684,move
4685,needle
4686,inclusion
4687,exclusion
4688,first
4689,president
4690,come
4691,along
4692,end
4693,anymore
4694,provide
4695,economic
4696,opportunity
4697,better
4698,education
4699,better
4700,healthcare
4701,better
4702,access
4703,school
4704,better
4705,access
4706,opportunity
4707,borrow
4708,money
4709,start
4710,business
4711,lay
4712,clear
4713,plan
4714,give
4715,people
4716,shoot
4717,accumulate
4718,ability
4719,wealth
4720,well
4721,free
4722,violence
4723,yes
4724,government
4725,year
4726,never
4727,except
4728,harm
4729,black
4730,community
4731,call
4732,call
4733,superpredators
4734,superpredators
4735,never
4736,live
4737,crime
4738,bill
4739,superpredators
4740,nobody
4741,do
4742,black
4743,community
4744,donald
4745,trump
4746,look
4747,exception
4748,abraham
4749,lincoln
4750,possible
4751,exception
4752,exception
4753,abraham
4754,lincoln
4755,nobody
4756,do
4757,do
4758,criminal
4759,justice
4760,reform
4761,obama
4762,joe
4763,even
4764,try
4765,chance
4766,might
4767,arm
4768,twist
4769,get
4770,do
4771,pretty
4772,picture
4773,everybody
4774,include
4775,liberal
4776,people
4777,cry
4778,office
4779,cry
4780,oval
4781,office
4782,president
4783,obama
4784,would
4785,never
4786,give
4787,longterm
4788,fund
4789,year
4790,longterm
4791,fund
4792,give
4793,money
4794,ask
4795,need
4796,bad
4797,part
4798,may
4799,never
4800,get
4801,friendly
4802,like
4803,like
4804,save
4805,historically
4806,black
4807,college
4808,university
4809,response
4810,never
4811,ever
4812,accuse
4813,fact
4814,matter
4815,though
4816,crime
4817,bill
4818,law
4819,awhile
4820,guy
4821,problem
4822,crime
4823,bill
4824,enough
4825,people
4826,jail
4827,enough
4828,people
4829,jail
4830,website
4831,get
4832,quote
4833,date
4834,enough
4835,people
4836,talk
4837,maraud
4838,gang
4839,young
4840,gang
4841,people
4842,maraud
4843,city
4844,guy
4845,central
4846,park
4847,five
4848,five
4849,innocent
4850,black
4851,kid
4852,continue
4853,push
4854,sure
4855,get
4856,death
4857,penalty
4858,none
4859,guilty
4860,crime
4861,suggest
4862,look
4863,grant
4864,fact
4865,people
4866,commute
4867,people
4868,sentence
4869,well
4870,tell
4871,hope
4872,look
4873,happen
4874,character
4875,character
4876,reputation
4877,honor
4878,tell
4879,truth
4880,anxious
4881,race
4882,anxious
4883,place
4884,character
4885,country
4886,ballot
4887,character
4888,ballot
4889,look
4890,u
4891,closely
4892,excuse
4893,stuff
4894,true
4895,russia
4896,ukraine
4897,china
4898,country
4899,iraq
4900,true
4901,corrupt
4902,politician
4903,give
4904,stuff
4905,innocent
4906,baby
4907,joe
4908,call
4909,corrupt
4910,politician
4911,respond
4912,look
4913,former
4914,national
4915,intelligence
4916,folk
4917,accuse
4918,russian
4919,plant
4920,five
4921,former
4922,head
4923,cia
4924,party
4925,bunch
4926,garbage
4927,nobody
4928,believe
4929,except
4930,good
4931,friend
4932,rudy
4933,giuliani
4934,gentleman
4935,stay
4936,issue
4937,race
4938,continue
4939,issue
4940,race
4941,mr
4942,president
4943,describe
4944,black
4945,live
4946,matter
4947,movement
4948,symbol
4949,hate
4950,share
4951,video
4952,man
4953,chant
4954,white
4955,power
4956,million
4957,supporter
4958,black
4959,professional
4960,athlete
4961,exercise
4962,first
4963,amendment
4964,right
4965,fire
4966,american
4967,kind
4968,language
4969,president
4970,contribute
4971,climate
4972,hate
4973,racial
4974,strife
4975,mean
4976,get
4977,criminal
4978,justice
4979,reform
4980,do
4981,prison
4982,reform
4983,opportunity
4984,zone
4985,okay
4986,vice
4987,president
4988,biden
4989,ask
4990,quickly
4991,followup
4992,question
4993,president
4994,trump
4995,give
4996,second
4997,respond
4998,followup
4999,question
5000,abraham
5001,lincoln
5002,oh
5003,god
5004,right
5005,ask
5006,vice
5007,president
5008,biden
5009,question
5010,ask
5011,vice
5012,president
5013,biden
5014,vice
5015,president
5016,biden
5017,give
5018,chance
5019,respond
5020,within
5021,context
5022,crime
5023,bill
5024,support
5025,contribute
5026,incarceration
5027,ten
5028,thousand
5029,young
5030,black
5031,men
5032,small
5033,amount
5034,drug
5035,possession
5036,son
5037,brother
5038,father
5039,uncle
5040,whose
5041,family
5042,still
5043,day
5044,suffer
5045,consequence
5046,speak
5047,family
5048,vote
5049,get
5050,do
5051,talk
5052,action
5053,politician
5054,get
5055,become
5056,president
5057,vice
5058,president
5059,along
5060,obama
5061,president
5062,leader
5063,eight
5064,year
5065,get
5066,do
5067,eight
5068,year
5069,get
5070,do
5071,get
5072,do
5073,talk
5074,action
5075,joe
5076,get
5077,lot
5078,do
5079,release
5080,get
5081,prisoner
5082,crosstalk
5083,prisoner
5084,release
5085,federal
5086,prison
5087,thousand
5088,people
5089,give
5090,clemency
5091,inaudible
5092,fact
5093,one
5094,put
5095,legislation
5096,could
5097,look
5098,pattern
5099,practice
5100,police
5101,department
5102,conduct
5103,could
5104,begin
5105,process
5106,lose
5107,election
5108,run
5109,win
5110,back
5111,election
5112,change
5113,terrible
5114,policy
5115,one
5116,question
5117,eight
5118,year
5119,short
5120,time
5121,ago
5122,put
5123,ten
5124,thousand
5125,mostly
5126,black
5127,young
5128,men
5129,prison
5130,undo
5131,get
5132,do
5133,eight
5134,year
5135,obama
5136,joe
5137,talk
5138,action
5139,well
5140,get
5141,talk
5142,joe
5143,sometimes
5144,get
5145,talk
5146,like
5147,criminal
5148,justice
5149,reform
5150,talk
5151,democrat
5152,gentleman
5153,run
5154,time
5155,get
5156,get
5157,onto
5158,climate
5159,change
5160,please
5161,different
5162,vision
5163,climate
5164,change
5165,president
5166,trump
5167,environmental
5168,regulation
5169,hurt
5170,job
5171,energy
5172,sector
5173,vice
5174,president
5175,biden
5176,address
5177,climate
5178,change
5179,opportunity
5180,create
5181,new
5182,job
5183,would
5184,combat
5185,climate
5186,change
5187,support
5188,job
5189,growth
5190,time
5191,start
5192,president
5193,trump
5194,two
5195,minute
5196,uninterrupted
5197,put
5198,u
5199,u
5200,great
5201,disservice
5202,away
5203,business
5204,sacrifice
5205,ten
5206,million
5207,job
5208,thousand
5209,thousand
5210,company
5211,paris
5212,accord
5213,unfair
5214,china
5215,kick
5216,russia
5217,back
5218,low
5219,standard
5220,kick
5221,right
5222,away
5223,would
5224,would
5225,destroy
5226,business
5227,ready
5228,do
5229,incredible
5230,job
5231,environmentally
5232,cleanest
5233,air
5234,cleanest
5235,water
5236,best
5237,carbon
5238,emission
5239,standard
5240,many
5241,many
5242,year
5243,destroy
5244,industry
5245,leak
5246,much
5247,energy
5248,save
5249,hundred
5250,million
5251,barrel
5252,oil
5253,process
5254,create
5255,significant
5256,number
5257,job
5258,whole
5259,idea
5260,create
5261,million
5262,job
5263,clean
5264,environment
5265,health
5266,job
5267,stake
5268,happen
5269,right
5270,wall
5271,street
5272,firm
5273,indicate
5274,plan
5275,plan
5276,fact
5277,create
5278,million
5279,job
5280,million
5281,wall
5282,street
5283,create
5284,trillion
5285,economic
5286,growth
5287,proposal
5288,climate
5289,economy
5290,crosstalk
5291,okay
5292,okay
5293,vicepresident
5294,respond
5295,run
5296,time
5297,lot
5298,question
5299,get
5300,back
5301,hear
5302,vice
5303,president
5304,number
5305,question
5306,fastest
5307,grow
5308,industry
5309,america
5310,electric
5311,excuse
5312,solar
5313,energy
5314,wind
5315,wind
5316,cause
5317,cancer
5318,windmill
5319,fastest
5320,grow
5321,job
5322,pay
5323,good
5324,prevail
5325,wag
5326,buck
5327,hour
5328,grow
5329,cleaner
5330,route
5331,propose
5332,please
5333,respond
5334,follow
5335,one
5336,solar
5337,love
5338,solar
5339,solar
5340,quite
5341,yet
5342,powerful
5343,yet
5344,really
5345,run
5346,big
5347,beautiful
5348,factory
5349,need
5350,compete
5351,world
5352,pipe
5353,dream
5354,greatest
5355,economy
5356,world
5357,kill
5358,economy
5359,get
5360,rid
5361,oil
5362,industry
5363,fracking
5364,allow
5365,vice
5366,president
5367,biden
5368,respond
5369,put
5370,would
5371,rule
5372,ban
5373,fracking
5374,one
5375,question
5376,pile
5377,good
5378,fracking
5379,federal
5380,land
5381,fracking
5382,andor
5383,oil
5384,federal
5385,land
5386,somebody
5387,live
5388,hear
5389,number
5390,statistic
5391,tremendous
5392,amount
5393,money
5394,economically
5395,save
5396,save
5397,number
5398,month
5399,ago
5400,oil
5401,crash
5402,pandemic
5403,save
5404,okay
5405,one
5406,final
5407,question
5408,call
5409,would
5410,close
5411,dow
5412,oil
5413,industry
5414,oh
5415,big
5416,statement
5417,big
5418,statement
5419,deal
5420,well
5421,finish
5422,statement
5423,replace
5424,renewable
5425,energy
5426,time
5427,time
5428,stop
5429,give
5430,oil
5431,industry
5432,stop
5433,give
5434,federal
5435,subsidy
5436,get
5437,federal
5438,subsidy
5439,gas
5440,oh
5441,excuse
5442,solar
5443,wind
5444,give
5445,oil
5446,industry
5447,okay
5448,one
5449,final
5450,question
5451,mr
5452,president
5453,everything
5454,context
5455,point
5456,look
5457,move
5458,toward
5459,net
5460,zero
5461,emission
5462,first
5463,place
5464,year
5465,energy
5466,production
5467,totally
5468,get
5469,china
5470,move
5471,onto
5472,final
5473,question
5474,rejoin
5475,paris
5476,accord
5477,china
5478,abide
5479,agree
5480,success
5481,bring
5482,u
5483,together
5484,road
5485,success
5486,cut
5487,tax
5488,raise
5489,everybody
5490,tax
5491,put
5492,new
5493,regulation
5494,everything
5495,kill
5496,get
5497,depression
5498,like
5499,never
5500,k
5501,hell
5502,sad
5503,day
5504,country
5505,american
5506,president
5507,represent
5508,whether
5509,vote
5510,sure
5511,represent
5512,give
5513,hope
5514,move
5515,choose
5516,science
5517,fiction
5518,choose
5519,hope
5520,fear
5521,choose
5522,move
5523,forward
5524,enormous
5525,opportunity
5526,enormous
5527,opportunity
5528,better
5529,right
5530,thank
5531,robust
5532,hour
5533,half
5534,fantastic
5535,debate
5536,really
5537,appreciate
5538,president
5539,trump
5540,former
5541,vice
5542,president
5543,joe
5544,biden
5545,thank
5546,belmont
5547,university
5548,host
5549,u
5550,tonight
5551,importantly
5552,thank
5553,watch
5554,tonight
5555,election
5556,day
5557,november
5558,forget
5559,vote
5560,thank
5561,everyone
5562,great
5563,night
